Question,Answer
Hi,Hello! How can I assist you today?
Hello,Hi there! How can I help you?
Hey,Hello! What would you like to know about the college?
Good morning,Good morning! How may I help you?
Good evening,Good evening! How can I assist you?
What courses are available?,"We offer BSc Data Science, BCom, BBA, BA, and various postgraduate programs."
Which courses are offered?,"Our college provides BSc Data Science, BCom, BBA, BA, and postgraduate programs."
Types of courses in the college,We provide undergraduate and postgraduate courses in multiple streams.
Does the college offer postgraduate programs?,"Yes, we offer various postgraduate programs in different streams."
Is Data Science available?,"Yes, BSc Data Science is one of our flagship programs."
What is the admission process?,Admission is based on merit and entrance criteria as per university guidelines.
How can I apply for admission?,You can apply online through the official college website.
When does admission start?,Admissions usually start after the declaration of board results.
What documents are required for admission?,"You need mark sheets, ID proof, passport-size photos, and transfer certificate."
Is entrance exam required?,Some courses may require entrance exams depending on university rules.
What are the college fees?,The annual fees vary by course. Please check the official website for detailed structure.
How much is the fee for BSc?,The fee for BSc depends on specialization. Please refer to the fee section online.
Is there any scholarship available?,"Yes, scholarships are available for eligible students based on merit and category."
Can fees be paid in installments?,"Yes, fee installment options are available as per college policy."
What is the hostel fee?,Hostel fees depend on room type and facilities provided.
What are the college timings?,College timings are generally from 8:00 AM to 2:00 PM.
When does college start?,Classes usually begin at 8:00 AM.
What is the schedule of lectures?,Lecture schedules are provided at the beginning of each semester.
Is the college open on Saturday?,College may operate half-day on selected Saturdays.
What are office hours?,The college office is open from 9:00 AM to 4:00 PM on working days.
Does the college have a library?,"Yes, the college has a well-equipped library with digital access."
Are there sports facilities?,"Yes, we provide indoor and outdoor sports facilities."
Is WiFi available?,"Yes, WiFi is available across the campus for students."
Does the college provide hostel?,"Yes, separate hostel facilities are available for boys and girls."
Is there a canteen?,"Yes, the campus has a hygienic and affordable canteen."
Does the college provide placements?,"Yes, the college has an active placement cell."
Which companies visit for placement?,Various reputed companies visit the campus for recruitment.
What is the placement percentage?,Placement percentage varies each year depending on student performance.
Is internship support provided?,"Yes, internship assistance is provided by the placement cell."
Does Data Science have placements?,"Yes, Data Science students receive placement and internship opportunities."
What is the contact number?,The official contact number is available on the college website.
What is the official email ID?,The official email ID is listed on the contact page of the website.
Where is the college located?,The college is located in a prime and easily accessible area.
How to reach the college?,"The college is accessible by bus, train, and other public transport."
What is the college website?,You can visit the official website for complete details.
When are semester exams conducted?,Semester exams are conducted at the end of each semester.
What is the exam pattern?,Exam pattern includes internal assessment and final semester exams.
Are there internal assessments?,"Yes, internal assessments are conducted during the semester."
How to check results?,Results are published on the official university or college website.
Is attendance compulsory?,"Yes, minimum attendance is mandatory as per university rules."
Tell me about the college,Our college is known for academic excellence and overall student development.
Why should I choose this college?,"The college offers quality education, experienced faculty, and strong placement support."
Is the college affiliated?,"Yes, the college is affiliated with a recognized university."
Are extracurricular activities available?,"Yes, various cultural and technical events are organized regularly."
Does the college have experienced faculty?,"Yes, our faculty members are highly qualified and experienced."
